[
    {
        "expression": "take a toll",
        "type": "idiom",
        "definition": "to cause harm or damage slowly over time",
        "sentence": "Constant stress can take a toll on your health."
    },
    {
        "expression": "deep down",
        "type": "idiom",
        "definition": "in one’s most basic or true feelings",
        "sentence": "Deep down, he knew he had made the right choice."
    },
    {
      "expression": "no brainer",
      "type": "idiom",
      "definition": "a decision or choice that is very easy and obvious",
      "sentence": "Choosing the free upgrade was a no brainer for everyone."
    }

]
